Date,Product,Revenue,Region
01-03-2026,Laptop,"1,20,000",Chennai
05-03-2026,Mouse,2000,Coimbatore
10-03-2026,Keyboard,3000,bangalore
25-03-2026,Webcam,4000,Chennai
28-03-2026,mobile,350000,coimbatore
29-03-2026,tablet,75000,chennai
05-04-2026,Powe Bank,5000,coimbatore
07-07-2026,camera,"1,50,000",chennai
08-07-2026,Bluetooth,5000,coimbatore
12-07-2026,Printer,18000,Chennai
15-07-2026,USB Drive,1200,Bangalore
20-07-2026,"Speaker	",4500,Chennai
22-07-2026,power bank,2500,Coimbatore
25-07-2026,Route,3200,Bangalore
28-07-2026,SSD,8500,Chennai
02-08-2026,Tablet Cover,900,Coimbatore
05-08-2026,Projector,28000,Chennai
10-08-2026,Smartphone,42000,Bangalore
15-08-2026,Power Supply,6000,Coimbatore
